,roles,companies,locations,experience,skills
0,Diversity Drive_Capco,Capco,"['hybrid - pune', 'bangalore/bengaluru', 'mumbai (all areas)']",0-0 Yrs,"['investment banking', 'change management', 'transformation', 'business analytics', 'gaap', 'data lineage', 'target operating model', 'capital market']"
1,Relationship Manager-Kotak Mahindra Bank,Kotak Mahindra Bank,"['kolkata', 'chandigarh', 'hyderabad/secunderabad', 'pune', 'ahmedabad', 'chennai', 'bangalore/bengaluru', 'delhi / ncr', 'mumbai (all areas)']",0-2 Yrs,"['banking', 'structured products', 'credit cards']"
2,Urgent Opening For Angular (10 to14 versions) Front End Developer,Tech Mahindra,"['kolkata', 'visakhapatnam', 'hyderabad/secunderabad', 'pune', 'chennai', 'coimbatore', 'bangalore/bengaluru', 'delhi / ncr', 'mumbai (all areas)']",3-7 Yrs,"['angular', 'javascript', 'react js', 'html', 'css', 'scss', 'node js', 'dom']"
3,HCL TECH - Opening For Python,HCLTech,"['hybrid - kolkata', 'hyderabad/secunderabad', 'pune', 'chennai', 'bangalore/bengaluru', 'delhi / ncr', 'mumbai (all areas)']",5-9 Yrs,"['python', 'sql', 'it skills']"
4,HCL TECH - Opening For Collibra,HCLTech,"['hybrid - kolkata', 'hyderabad/secunderabad', 'pune', 'chennai', 'bangalore/bengaluru', 'delhi / ncr', 'mumbai (all areas)']",7-10 Yrs,"['collibra', 'sql', 'python', 'java', 'it skills']"
5,HCL TECH - Opening For Kafka,HCLTech,"['hybrid - kolkata', 'hyderabad/secunderabad', 'pune', 'chennai', 'bangalore/bengaluru', 'delhi / ncr', 'mumbai (all areas)']",5-9 Yrs,"['flink', 'kafka', 'apache flink', 'sql']"
6,HCL TECH - Opening For Hyperion DRM,HCLTech,"['hybrid - kolkata', 'hyderabad/secunderabad', 'pune', 'chennai', 'bangalore/bengaluru', 'delhi / ncr', 'mumbai (all areas)']",5-10 Yrs,['hyperion drm']
7,HCL TECH - Opening For Hyperion developer,HCLTech,"['hybrid - kolkata', 'hyderabad/secunderabad', 'pune', 'chennai', 'bangalore/bengaluru', 'delhi / ncr', 'mumbai (all areas)']",5-10 Yrs,"['hyperion', 'hyperion essbase', 'hyperion planning']"
8,Content Lead - Manager,Accenture,"['kolkata', 'mumbai', 'hyderabad/secunderabad', 'pune', 'chennai', 'bangalore/bengaluru', 'delhi ncr']",8-13 Yrs,"['product management', 'business process', 'consulting', 'agile', 'marketing communication', 'communication', 'written', 'interpersonal skills']"
9,Sales Operations Specialist,Accenture,"['kolkata', 'mumbai', 'hyderabad/secunderabad', 'pune', 'chennai', 'bangalore/bengaluru', 'delhi ncr']",2-5 Yrs,"['business process', 'data management', 'consulting', 'scheduling', 'analytics', 'sales operations', 'sales enablement', 'powerpoint']"
10,Content Developer Associate Manager,Accenture,"['kolkata', 'mumbai', 'hyderabad/secunderabad', 'pune', 'chennai', 'bangalore/bengaluru', 'delhi ncr']",5-10 Yrs,"['product management', 'business process', 'consulting', 'agile', 'proposal development', 'communication', 'written', 'interpersonal skills']"
11,Vice President - Product Management - Merchant Onboarding,Paytm,"['kolkata', 'mumbai', 'hyderabad/secunderabad', 'pune', 'chennai', 'bangalore/bengaluru', 'delhi / ncr']",12-15 Yrs,"['consumer internet', 'online product management', 'it skills', 'product management', 'agile scrum', 'edc', 'management', 'analytical']"
12,Paytm - Vice President - Product Management,Paytm,"['kolkata', 'mumbai', 'hyderabad/secunderabad', 'pune', 'chennai', 'bangalore/bengaluru', 'delhi / ncr']",12-15 Yrs,"['consumer internet', 'online product management', 'it skills', 'product management', 'agile scrum', 'management', 'analytical', 'finance']"
13,HCL TECH - Opening For Scala developer,HCLTech,"['hybrid - kolkata', 'hyderabad/secunderabad', 'pune', 'chennai', 'bangalore/bengaluru', 'delhi / ncr', 'mumbai (all areas)']",7-12 Yrs,"['aws', 'spark', 'hadoop', 'it skills', 'scala']"
14,HCL TECH - Opening For Scala developer,HCLTech,"['hybrid - kolkata', 'hyderabad/secunderabad', 'pune', 'chennai', 'bangalore/bengaluru', 'delhi / ncr', 'mumbai (all areas)']",5-10 Yrs,"['written', 'oral communication', 'spark', 'java', 'hadoop', 'etl', 'scala', 'it skills']"
15,"Change Management Consultant- No ITIL, No technical only HR domain",Accenture Strategy and Consulting Capability network,"['temp. wfh - kolkata', 'hyderabad/secunderabad', 'pune', 'chennai', 'bangalore/bengaluru', 'delhi / ncr', 'mumbai (all areas)']",4-7 Yrs,['change impact assessment']
16,Lead - Quality,Flipkart,"['kolkata', 'mumbai', 'hyderabad/secunderabad', 'pune', 'chennai', 'bangalore/bengaluru']",5-8 Yrs,"['supply chain', 'change management', 'iso', 'scm', 'auditing', 'process design', 'analytical', 'monitoring']"
17,HCL is Hiring Full stack Developer - PAN INDIA,HCLTech,"['temp. wfh - kochi/cochin', 'noida', 'new delhi', 'hyderabad/secunderabad', 'pune', 'chennai', 'bangalore/bengaluru', 'mumbai (all areas)']",5-8 Yrs,"['spring boot', 'angularjs', 'j2ee', 'microservices', 'communication', 'angular 4+', 'java 8', 'it skills']"
18,Sr Consultant (Change Consultant),Salesforce,"['mumbai', 'hyderabad/secunderabad', 'pune', 'gurgaon/gurugram', 'bangalore/bengaluru']",8-13 Yrs,"['training', 'change management', 'time management', 'manager program management', 'presales', 'healthcare', 'life sciences', 'project delivery']"
19,Content Developer/Sr. Content Developer,Salesforce,"['mumbai', 'hyderabad/secunderabad', 'pune', 'gurgaon/gurugram', 'bangalore/bengaluru']",4-8 Yrs,"['business process', 'training', 'e-learning', 'change management', 'instructional design', 'cloud', 'high level design', 'adobe']"
20,Diversity Drive_Capco,Capco,"['hybrid - pune', 'bangalore/bengaluru', 'mumbai (all areas)']",0-0 Yrs,"['investment banking', 'change management', 'transformation', 'business analytics', 'gaap', 'data lineage', 'target operating model', 'capital market']"
21,Relationship Manager-Kotak Mahindra Bank,Kotak Mahindra Bank,"['kolkata', 'chandigarh', 'hyderabad/secunderabad', 'pune', 'ahmedabad', 'chennai', 'bangalore/bengaluru', 'delhi / ncr', 'mumbai (all areas)']",0-2 Yrs,"['banking', 'structured products', 'credit cards']"
22,Urgent Opening For Angular (10 to14 versions) Front End Developer,Tech Mahindra,"['kolkata', 'visakhapatnam', 'hyderabad/secunderabad', 'pune', 'chennai', 'coimbatore', 'bangalore/bengaluru', 'delhi / ncr', 'mumbai (all areas)']",3-7 Yrs,"['angular', 'javascript', 'react js', 'html', 'css', 'scss', 'node js', 'dom']"
23,HCL TECH - Opening For Python,HCLTech,"['hybrid - kolkata', 'hyderabad/secunderabad', 'pune', 'chennai', 'bangalore/bengaluru', 'delhi / ncr', 'mumbai (all areas)']",5-9 Yrs,"['python', 'sql', 'it skills']"
24,HCL TECH - Opening For Collibra,HCLTech,"['hybrid - kolkata', 'hyderabad/secunderabad', 'pune', 'chennai', 'bangalore/bengaluru', 'delhi / ncr', 'mumbai (all areas)']",7-10 Yrs,"['collibra', 'sql', 'python', 'java', 'it skills']"
25,HCL TECH - Opening For Kafka,HCLTech,"['hybrid - kolkata', 'hyderabad/secunderabad', 'pune', 'chennai', 'bangalore/bengaluru', 'delhi / ncr', 'mumbai (all areas)']",5-9 Yrs,"['flink', 'kafka', 'apache flink', 'sql']"
26,HCL TECH - Opening For Hyperion DRM,HCLTech,"['hybrid - kolkata', 'hyderabad/secunderabad', 'pune', 'chennai', 'bangalore/bengaluru', 'delhi / ncr', 'mumbai (all areas)']",5-10 Yrs,['hyperion drm']
27,HCL TECH - Opening For Hyperion developer,HCLTech,"['hybrid - kolkata', 'hyderabad/secunderabad', 'pune', 'chennai', 'bangalore/bengaluru', 'delhi / ncr', 'mumbai (all areas)']",5-10 Yrs,"['hyperion', 'hyperion essbase', 'hyperion planning']"
28,Content Lead - Manager,Accenture,"['kolkata', 'mumbai', 'hyderabad/secunderabad', 'pune', 'chennai', 'bangalore/bengaluru', 'delhi ncr']",8-13 Yrs,"['product management', 'business process', 'consulting', 'agile', 'marketing communication', 'communication', 'written', 'interpersonal skills']"
29,Sales Operations Specialist,Accenture,"['kolkata', 'mumbai', 'hyderabad/secunderabad', 'pune', 'chennai', 'bangalore/bengaluru', 'delhi ncr']",2-5 Yrs,"['business process', 'data management', 'consulting', 'scheduling', 'analytics', 'sales operations', 'sales enablement', 'powerpoint']"
30,Content Developer Associate Manager,Accenture,"['kolkata', 'mumbai', 'hyderabad/secunderabad', 'pune', 'chennai', 'bangalore/bengaluru', 'delhi ncr']",5-10 Yrs,"['product management', 'business process', 'consulting', 'agile', 'proposal development', 'communication', 'written', 'interpersonal skills']"
31,Vice President - Product Management - Merchant Onboarding,Paytm,"['kolkata', 'mumbai', 'hyderabad/secunderabad', 'pune', 'chennai', 'bangalore/bengaluru', 'delhi / ncr']",12-15 Yrs,"['consumer internet', 'online product management', 'it skills', 'product management', 'agile scrum', 'edc', 'management', 'analytical']"
32,Paytm - Vice President - Product Management,Paytm,"['kolkata', 'mumbai', 'hyderabad/secunderabad', 'pune', 'chennai', 'bangalore/bengaluru', 'delhi / ncr']",12-15 Yrs,"['consumer internet', 'online product management', 'it skills', 'product management', 'agile scrum', 'management', 'analytical', 'finance']"
33,HCL TECH - Opening For Scala developer,HCLTech,"['hybrid - kolkata', 'hyderabad/secunderabad', 'pune', 'chennai', 'bangalore/bengaluru', 'delhi / ncr', 'mumbai (all areas)']",7-12 Yrs,"['aws', 'spark', 'hadoop', 'it skills', 'scala']"
34,HCL TECH - Opening For Scala developer,HCLTech,"['hybrid - kolkata', 'hyderabad/secunderabad', 'pune', 'chennai', 'bangalore/bengaluru', 'delhi / ncr', 'mumbai (all areas)']",5-10 Yrs,"['written', 'oral communication', 'spark', 'java', 'hadoop', 'etl', 'scala', 'it skills']"
35,"Change Management Consultant- No ITIL, No technical only HR domain",Accenture Strategy and Consulting Capability network,"['temp. wfh - kolkata', 'hyderabad/secunderabad', 'pune', 'chennai', 'bangalore/bengaluru', 'delhi / ncr', 'mumbai (all areas)']",4-7 Yrs,['change impact assessment']
36,Lead - Quality,Flipkart,"['kolkata', 'mumbai', 'hyderabad/secunderabad', 'pune', 'chennai', 'bangalore/bengaluru']",5-8 Yrs,"['supply chain', 'change management', 'iso', 'scm', 'auditing', 'process design', 'analytical', 'monitoring']"
37,HCL is Hiring Full stack Developer - PAN INDIA,HCLTech,"['temp. wfh - kochi/cochin', 'noida', 'new delhi', 'hyderabad/secunderabad', 'pune', 'chennai', 'bangalore/bengaluru', 'mumbai (all areas)']",5-8 Yrs,"['spring boot', 'angularjs', 'j2ee', 'microservices', 'communication', 'angular 4+', 'java 8', 'it skills']"
38,Sr Consultant (Change Consultant),Salesforce,"['mumbai', 'hyderabad/secunderabad', 'pune', 'gurgaon/gurugram', 'bangalore/bengaluru']",8-13 Yrs,"['training', 'change management', 'time management', 'manager program management', 'presales', 'healthcare', 'life sciences', 'project delivery']"
39,Content Developer/Sr. Content Developer,Salesforce,"['mumbai', 'hyderabad/secunderabad', 'pune', 'gurgaon/gurugram', 'bangalore/bengaluru']",4-8 Yrs,"['business process', 'training', 'e-learning', 'change management', 'instructional design', 'cloud', 'high level design', 'adobe']"
40,Opening For Manta Developer,TeamLease,"['hyderabad/secunderabad', 'pune', 'gurgaon/gurugram', 'chennai', 'bangalore/bengaluru', 'mumbai (all areas)']",4-8 Yrs,['mantas']
41,Angular Developer-Face To Face interview-Kolkata Mindtree office,Mindtree,"['kolkata', 'hyderabad/secunderabad', 'pune', 'chennai', 'bangalore/bengaluru', 'delhi / ncr', 'mumbai (all areas)']",5-10 Yrs,"['angularjs', 'javascript', 'html', 'jquery', 'cssjava script']"
42,Opening For the Post of Circle Head - Operations,Avenue Supermarts Limited [ D - Mart ],"['hyderabad/secunderabad', 'pune', 'ahmedabad', 'chennai', 'bangalore/bengaluru', 'delhi / ncr', 'mumbai (all areas)']",15-21 Yrs,"['retail sales', 'team leading', 'process management', 'operations', 'sales', 'data analysis', 'business process', 'fmcg']"
43,Urgent Opening For SAP ABAP WebDynpro - PAN India,Tech Mahindra,"['kolkata', 'visakhapatnam', 'hyderabad/secunderabad', 'pune', 'ahmedabad', 'chennai', 'coimbatore', 'bangalore/bengaluru', 'mumbai (all areas)']",8-13 Yrs,"['sap abap', 'webdynpro', 'abap', 'communication', 'abap debugger', 'sap', 'sdlc', 'it skills']"
44,Windchill Developer,Larsen & Toubro (L&T),"['mumbai', 'hyderabad/secunderabad', 'pune', 'chennai', 'bangalore/bengaluru']",3-5 Yrs,"['pdmlink', 'developer', 'windchill', 'it skills', 'java', 'j2ee', 'javascript']"
45,HR Executive,Bajaj Finance,"['kolkata', 'hyderabad/secunderabad', 'lucknow', 'ahmedabad', 'chennai', 'bangalore/bengaluru', 'delhi / ncr', 'mumbai (all areas)']",0-2 Yrs,"['hr', 'tat', 'acm', 'crm']"
46,Management Trainee Human Resource MFL,Muthoot Fincorp Limited,"['kochi/cochin', 'madurai', 'kolkata', 'hyderabad/secunderabad', 'chennai', 'bangalore/bengaluru', 'delhi / ncr', 'trivandrum/thiruvananthapuram', 'mumbai (all areas)']",0-3 Yrs,['hr operations']
47,LTIMindtree is Hiring Project Manager,Mindtree,"['rajahmundry', 'kolkata', 'tirupati', 'vijayawada', 'pune', 'chennai', 'bangalore/bengaluru', 'delhi / ncr', 'mumbai (all areas)']",8-13 Yrs,"['java', 'dotnet', 'project manager', 'agile']"
48,Technical Architect (Financial Services Cloud),Salesforce,"['mumbai', 'pune', 'gurgaon/gurugram', 'jaipur', 'bangalore/bengaluru']",9-14 Yrs,"['system architecture', 'data migration', 'coding', 'flex', 'presales', 'ssl', 'release management', 'financial services']"
49,Business Analyst(Immediate and Dec Joiner Only),Capgemini,"['hybrid - pune', 'chennai', 'bangalore/bengaluru', 'delhi / ncr', 'mumbai (all areas)']",4-9 Yrs,"['analytical', 'rally', 'agile', 'servicenow', 'requirement gathering analysis', 'communication', 'jira', 'business analysis']"
50,Technical Architect - Salesforce Marketing Cloud (SFMC),Salesforce,"['mumbai', 'pune', 'gurgaon/gurugram', 'bangalore/bengaluru']",6-11 Yrs,"['cloud computing', 'automation', 'social media', 'web development', 'sms', 'presales', 'digital marketing', 'recruitment']"
51,Oracle CPQ Consultant,Hexaware Technologies,"['hybrid - noida', 'pune', 'chennai', 'bangalore/bengaluru', 'mumbai (all areas)']",7-12 Yrs,"['cpq cloud', 'cpq', 'oracle cpq', 'troubleshooting', 'html', 'json', 'soap', 'big machines']"
52,Service Cloud Solution Architect(12yrs+ exp),WNS Holdings,"['pune', 'gurgaon/gurugram', 'chennai', 'bangalore/bengaluru', 'mumbai (all areas)']",12-20 Yrs,"['service cloud', 'solution architect', 'salesforce']"
53,SAP OS/DB Migration professional,Capgemini,"['mumbai', 'pune', 'bangalore/bengaluru']",6-9 Yrs,"['sap s/4 hana', 's4', 's / 4 hana', 'azure', 'aws', 'sap os', 'sap basis', 'hana']"
54,Opportunity with Oracle_ OFSAA!!,Oracle,"['hybrid - pune', 'chennai', 'bangalore/bengaluru', 'mumbai (all areas)']",4-9 Yrs,"['ofsaa', 'kyc', 'aml', 'ofsaa fccm', 'ofsaa epm', 'plsql', 'ofsaa erm', 'it skills']"
55,OBIEE Developer,Capgemini,"['mumbai', 'pune', 'chennai', 'bangalore/bengaluru']",6-9 Yrs,"['obiee development', 'python', 'java scripting', 'communication', 'oracle analytics cloud', 'oracle databases', 'html', 'oracle data integrator 12c']"
56,Spark / Scala professional,Capgemini,"['mumbai', 'pune', 'bangalore/bengaluru']",6-9 Yrs,"['spark', 'scala', 'object oriented programming', 'big data', 'it skills', 'testing', 'programming', 'designing']"
57,"C++, VC++, MFC Professional",Capgemini,"['mumbai', 'pune', 'bangalore/bengaluru']",4-9 Yrs,"['c++', 'design patterns', 'multithreading', 'mfc', 'review', 'gui', 'oops', 'vc++']"
58,Big Data Tester,Citiustech,"['hybrid - pune', 'bangalore/bengaluru', 'mumbai (all areas)']",5-7 Yrs,"['big data testing', 'hadoop']"
59,Java Software Developer,Citiustech,"['hybrid - pune', 'bangalore/bengaluru', 'mumbai (all areas)']",4-7 Yrs,"['spring boot', 'java', 'microservices', 'rest api', 'jenkins', 'tfs', 'docker', 'ui']"
60,Plsql Developer WITH Banking Domain @ OFSS,Oracle,"['pune', 'chennai', 'bangalore/bengaluru', 'mumbai (all areas)']",3-8 Yrs,"['plsql development', 'plsql programming', 'triggers', 'banking', 'procedures', 'oracle sql', 'functions', 'banking domain']"
61,Java Software Developer,Citiustech,"['hybrid - pune', 'bangalore/bengaluru', 'mumbai (all areas)']",0-5 Yrs,"['spring boot', 'java', 'microservices', 'rest api', 'jenkins', 'tfs', 'docker', 'ui']"
62,Apigee,Wipro,"['temp. wfh - pune', 'bangalore/bengaluru', 'mumbai (all areas)']",4-9 Yrs,"['aws', 'apigee management', 'apige edge administration', 'it skills', 'java', 'apigee']"
63,Hexaware Hiring _ Project Manager (Agile) - Immediate Joiner,Hexaware Technologies,"['temp. wfh - pune', 'chennai', 'mumbai (all areas)']",6-10 Yrs,"['agile methodology', 'project management', 'project planning', 'resource management', 'project estimation', 'waterfall', 'communication', 'it skills']"
64,UI Developer,HCL Technologies,"['temp. wfh - kolkata', 'hyderabad/secunderabad', 'pune', 'ahmedabad', 'chennai', 'bangalore/bengaluru', 'delhi / ncr', 'mumbai (all areas)']",8-13 Yrs,"['ui development', 'typescript', 'aws cloud services', 'angular framework', 'java', 'analytical', 'golang', 'javascript']"
65,Relationship Manager: Retail Banking (PAN India),Icici Bank,"['kolkata', 'hyderabad/secunderabad', 'pune', 'ahmedabad', 'chennai', 'bangalore/bengaluru', 'delhi / ncr', 'mumbai (all areas)']",3-8 Yrs,"['sales', 'retail banking', 'customer service', 'private banking', 'cross selling', 'banking', 'priority banking', 'customer relationship']"
66,Automation Tester,Cognizant,"['kolkata', 'hyderabad/secunderabad', 'pune', 'ahmedabad', 'chennai', 'bangalore/bengaluru', 'delhi / ncr', 'mumbai (all areas)']",4-8 Yrs,"['api automation', 'java', 'automation testing', 'selenium', 'regression testing', 'rest api', 'cucumber', 'it skills']"
67,SQL Developer (SAS),Tech Mahindra,"['kolkata', 'hyderabad/secunderabad', 'pune', 'ahmedabad', 'chennai', 'bangalore/bengaluru', 'delhi / ncr', 'mumbai (all areas)']",4-9 Yrs,"['sql development', 'sas', 'etl', 'sql', 'analytical', 'oracle', 'db2', 'it skills']"
68,Job || Data Analyst || Tech Mahindra,Tech Mahindra,"['temp. wfh - kolkata', 'hyderabad/secunderabad', 'pune', 'chennai', 'bangalore/bengaluru', 'delhi / ncr', 'mumbai (all areas)']",5-10 Yrs,"['data anlalytics', 'postgresql', 'data analysis', 'it skills', 'python', 'aws']"
69,Competitive & Market Intelligence Senior Analyst,Accenture,"['kolkata', 'mumbai', 'hyderabad/secunderabad', 'pune', 'chennai', 'bangalore/bengaluru', 'delhi ncr']",1-2 Yrs,"['business process', 'industry research', 'consulting', 'analytics', 'balance sheet', 'competitive analysis', 'market intelligence', 'cash flow']"
70,Employee Relations and Policies Specialist,Accenture,"['kolkata', 'mumbai', 'hyderabad/secunderabad', 'pune', 'chennai', 'bangalore/bengaluru', 'delhi ncr']",3-7 Yrs,"['business process', 'change management', 'team management', 'stakeholder management', 'continuous improvement', 'data analytics', 'program management', 'it skills']"
71,HCL Hiring WCS Developer,HCLTech,"['hybrid - noida', 'kolkata', 'hyderabad/secunderabad', 'pune', 'gurgaon/gurugram', 'chennai', 'bangalore/bengaluru', 'delhi / ncr', 'mumbai (all areas)']",5-10 Yrs,"['wcs', 'websphere commerce server', 'rest services', 'node js', 'bod', 'soap', 'reactjs', 'ibm websphere commerce']"
72,Training Officer,Teleperformance (TP),"['kolkata', 'hyderabad/secunderabad', 'pune', 'ahmedabad', 'chennai', 'bangalore/bengaluru', 'delhi / ncr', 'mumbai (all areas)']",1-6 Yrs,"['soft skills', 'communication skills', 'voice and accent training', 'bpo', 'voice', 'training', 'communication skills trainer']"
73,HCL Hiring IIB || PAN India || Nov-19 drive,HCLTech,"['hybrid - noida', 'kolkata', 'hyderabad/secunderabad', 'pune', 'gurgaon/gurugram', 'chennai', 'bangalore/bengaluru', 'delhi / ncr', 'mumbai (all areas)']",5-10 Yrs,"['iib', 'rest integration services', 'websphere mq', 'soap', 'troubleshooting', 'service oriented architecture', 'api', 'iib ibm integration bus']"
74,Content Lead - Manager,Accenture,"['kolkata', 'mumbai', 'hyderabad/secunderabad', 'pune', 'chennai', 'bangalore/bengaluru', 'delhi ncr']",7-11 Yrs,"['product management', 'business process', 'consulting', 'agile', 'marketing communication', 'communication', 'written', 'interpersonal skills']"
75,Architect,Capgemini,"['hybrid - kolkata', 'hyderabad/secunderabad', 'pune', 'chennai', 'bangalore/bengaluru', 'delhi / ncr', 'mumbai (all areas)']",12-20 Yrs,"['architect', 'it skills', 'java', 'testing', 'mobile architect', 'angular', 'ux architect', 'cx architect']"
76,Microsoft Dynamics CRM Architect,Capgemini,"['hybrid - kolkata', 'hyderabad/secunderabad', 'pune', 'ahmedabad', 'chennai', 'bangalore/bengaluru', 'delhi / ncr', 'mumbai (all areas)']",13-20 Yrs,"['d365', 'ms dynamics crm', 'dynamic 365', 'microsoft dynamics', 'technical architecture', 'solution architecting', 'ms crm', 'ms crm dynamics']"
77,Salesforce Solution Architect,Capgemini,"['hybrid - kolkata', 'hyderabad/secunderabad', 'pune', 'ahmedabad', 'chennai', 'bangalore/bengaluru', 'delhi / ncr', 'mumbai (all areas)']",13-20 Yrs,"['solution architecting', 'visualforce', 'sfdc', 'salesforce crm', 'salesforce', 'it skills', 'cloud', 'oracle']"
78,Salesforce Technical Architect,Capgemini,"['hybrid - kolkata', 'hyderabad/secunderabad', 'pune', 'ahmedabad', 'chennai', 'bangalore/bengaluru', 'delhi / ncr', 'mumbai (all areas)']",13-20 Yrs,"['salesforce', 'oob salesforce', 'apex programming', 'salesforce lightning', 'soql', 'lightning', 'salesforce apis', 'javascript']"
79,Probationary Officers' Programme,Icici Bank,"['kolkata', 'hyderabad/secunderabad', 'pune', 'ahmedabad', 'chennai', 'bangalore/bengaluru', 'delhi / ncr', 'mumbai (all areas)']",0-5 Yrs,"['graduate', 'customer service', 'sales', 'bfsi sales', 'bfsi', 'relationship management', 'banking', 'fresher']"
80,Senior Net Developer,Xoriant,"['temp. wfh - kochi/cochin', 'hyderabad/secunderabad', 'pune', 'ahmedabad', 'gurgaon/gurugram', 'chennai', 'bangalore/bengaluru', 'mumbai (all areas)']",5-9 Yrs,"['c#', 'web api', 'entity framework', '.net', 'azure', 'visual studio']"
81,Franchise Alpha - Franchise Business Consultant,Franchise Alpha,"['kolkata', 'mumbai', 'hyderabad/secunderabad', 'pune', 'chennai', 'bangalore/bengaluru']",0-3 Yrs,"['sales', 'franchise development', 'client services', 'key account management', 'marketing']"
82,Competitive & Market Intelligence Senior Analyst,Accenture,"['kolkata', 'mumbai', 'hyderabad/secunderabad', 'pune', 'chennai', 'bangalore/bengaluru']",1-2 Yrs,"['business process', 'industry research', 'consulting', 'analytics', 'balance sheet', 'competitive analysis', 'market intelligence', 'cash flow']"
83,Competitive & Market Intelligence Associate Manager,Accenture,"['kolkata', 'mumbai', 'hyderabad/secunderabad', 'pune', 'chennai', 'bangalore/bengaluru']",3-7 Yrs,"['business process', 'consulting', 'competitive intelligence', 'analytics', 'monitoring', 'advanced sales', 'management', 'business management']"
84,Competitive & Market Intelligence Associate Manager,Accenture,"['kolkata', 'mumbai', 'hyderabad/secunderabad', 'pune', 'chennai', 'bangalore/bengaluru']",4-9 Yrs,"['business process', 'consulting', 'competitive intelligence', 'analytics', 'monitoring', 'competitive analysis', 'market intelligence', 'business case development']"
85,Automation Tester - Cucumber,Cognizant,"['temp. wfh - kochi/cochin', 'kolkata', 'hyderabad/secunderabad', 'pune', 'chennai', 'coimbatore', 'bangalore/bengaluru', 'mumbai (all areas)']",4-8 Yrs,"['automation testing', 'cucumber', 'selenium', 'communication', 'cucumber testing', 'html', 'java', 'it skills']"
86,Senior Technical Consultant (Salesforce Developer),Salesforce,"['mumbai', 'hyderabad/secunderabad', 'pune', 'gurgaon/gurugram', 'jaipur', 'bangalore/bengaluru']",4-8 Yrs,"['environment management', 'cloud computing', 'data migration', 'data management', 'coding', 'saml', 'ssl', 'release management']"
87,SAP ABAP on Hana,Wipro,"['hybrid - bhubaneswar', 'kolkata', 'hyderabad/secunderabad', 'pune', 'chennai', 'bangalore/bengaluru', 'delhi / ncr', 'mumbai (all areas)']",5-10 Yrs,"['sap abap', 'ooabap', 'odata', 'abap', 'webdynpro abap', 'oo abap']"
88,AEM/Adobe Architect,Capgemini,"['hybrid - kolkata', 'hyderabad/secunderabad', 'pune', 'ahmedabad', 'chennai', 'bangalore/bengaluru', 'delhi / ncr', 'mumbai (all areas)']",13-20 Yrs,"['aem', 'architecting', 'adobe', 'oops', 'java', 'java content', 'crx', 'apache felix']"
89,Opening with Tech Mahindra For Inside Sales Executive,Tech Mahindra,"['hybrid - hyderabad/secunderabad', 'pune', 'chennai', 'bangalore/bengaluru', 'delhi / ncr', 'mumbai (all areas)']",1-4 Yrs,"['inside sales', 'cold calling', 'sales', 'written', 'verbal communication', 'lead generation', 'online lead generation', 'email marketing']"
90,Oracle Fusion Finance Analyst,Oracle,"['hyderabad/secunderabad', 'pune', 'chennai', 'delhi / ncr', 'bangalore/bengaluru', 'mumbai (all areas)']",5-10 Yrs,"['oracle fusion finance', 'it skills', 'cloud', 'oracle', 'fbdi', 'iby', 'fsr', 'gl']"
91,Relationship Manager- Wholesale Banking Group - GCG,Icici Bank,"['hyderabad/secunderabad', 'pune', 'ahmedabad', 'chennai', 'bangalore/bengaluru', 'delhi / ncr', 'mumbai (all areas)']",5-10 Yrs,"['corporate banking', 'wholesale banking', 'credit analysis', 'credit appraisal', 'portfolio management', 'relationship management', 'working capital', 'term loan']"
92,Drupal Developer,Trigyn Technologies,"['temp. wfh - hyderabad/secunderabad', 'pune', 'chennai', 'bangalore/bengaluru', 'mumbai (all areas)']",5-10 Yrs,"['drupal development', 'drupal cms', 'web development', 'drupal content management systems', 'php', 'drush', 'drupal', 'html']"
93,Teradata Performance DBA,Teradata,"['hybrid - hyderabad/secunderabad', 'pune', 'bangalore/bengaluru', 'mumbai (all areas)']",3-8 Yrs,"['it skills', 'python', 'dba', 'tableau', 'database administration', 'teradata dba']"
94,Java Developer,Tech Mahindra,"['temp. wfh - hyderabad/secunderabad', 'pune', 'chennai', 'bangalore/bengaluru', 'mumbai (all areas)']",5-10 Yrs,"['rdbms', 'spring boot', 'core java development', 'microservices', 'api', 'hibernate', 'springboot', 'postgresql']"
95,SAP ABAP Consultant,NTT DATA Business Solutions Private Limited,"['hyderabad/secunderabad', 'pune', 'chennai', 'bangalore/bengaluru', 'mumbai (all areas)']",6-9 Yrs,"['odata', 'sap abap', 'oo abap', 'debugging', 'hana', 'idocs', 'fico', 'web services']"
96,Hiring Freshers - Non Voice Process,Cognizant,"['noida', 'hyderabad/secunderabad', 'pune', 'chennai', 'bangalore/bengaluru']",0-0 Yrs,"['night shift', 'non voice process']"
97,Lead Data & Analytics Architect,Baker Hughes,"['mumbai', 'hyderabad/secunderabad', 'bangalore/bengaluru']",8-13 Yrs,"['process optimization', 'operational support', 'architecture', 'performance management', 'agile', 'manager technology', 'data analytics', 'asset management']"
98,Full Stack Engineer - Senior Associate - P&T Labs,PwC,"['mumbai', 'hyderabad/secunderabad', 'bangalore/bengaluru']",2-5 Yrs,"['automation', 'front end', 'web technologies', 'git', 'database design', 'application development', 'mvc', 'middleware']"
99,Quality Engineer (Functional) - Senior Associate,PwC,"['mumbai', 'hyderabad/secunderabad', 'bangalore/bengaluru']",4-9 Yrs,"['manager quality assurance', 'jquery', 'consulting', 'ifs', 'javascript', 'selenium', 'information technology', 'software quality assurance']"
